id,Modelo,MAPE Val,RMSE Val,R2 Val,Ljung-Box Val,Jarque-Bera Val,MAPE Test,RMSE Test,R2 Test,Ljung-Box Test,Jarque-Bera Test
s3e1u1,K-NN,1433.4499771965238,3.3666339843434363,-0.13605725146745518,0.12678314013300324,1.681192244046855e-17,1131.607093692177,3.015136090603984,0.09060140329909949,0.13175295500504913,2.327461358697757e-19
s3e1u1,Linear Regression,4082.0794349503276,3.252813776344766,-0.06053941381349315,0.360860876147418,0.003984307654880921,10487.92832955718,4.341157773483011,-0.8851746074005107,0.012164438984333305,0.025748892773674203
s3e1u1,Ridge,2642.2423027048885,2.756015888653583,0.23867192381000912,0.1855385258287078,2.8097145091590478e-05,4145.582488959513,2.74915325402948,0.24397119481315743,0.16944420918748132,6.848902454861482e-06
s3e1u1,Lasso,2533.9661426070275,2.772859634336689,0.2293375777050104,0.18813919402136248,3.4888687950064105e-05,4222.4637229356,2.7778088247996786,0.22812824707675916,0.2087954918537658,3.9015591542429764e-05
s3e1u1,Random Forest,1211.388853054915,3.3151946596982,-0.10160647585066074,0.12311250664885501,2.1684747212698122e-17,1768.2662031324198,3.1518027215454736,0.00629266902503689,0.14616944966111017,1.2122073185844865e-16
s3e1u1,XGBoost,1100.2214004604903,3.3972709302741677,-0.1568279630789995,0.041311592181345703,5.233908693323971e-21,1087.1689510716838,3.5193300604521016,-0.2389689983359251,0.06238599384124645,1.0344081032872834e-21
s3e1u1,SVR,426.01159006663767,3.2902399425237596,-0.08508448180679018,0.06811846915447685,1.9763905860388632e-21,253.41893889906456,3.303684025158941,-0.09178581655471141,0.07604122741649016,1.8646493940547928e-21
s3e1u2,K-NN,197.03275171376168,3.693285732544431,0.1360086452519229,7.2241755813519e-05,1.8373711658778015e-05,559.8878763426802,2.6207015523340953,-0.10274973575583757,3.0104396423128648e-06,0.00046348140361503085
s3e1u2,Linear Regression,814.5367359975526,4.289231172623531,-0.16531272122744078,0.0005672633567512728,0.2262956507002525,3015.418835569025,5.191961714476519,-3.328174810163217,0.19870827355071247,0.20292391961281714
s3e1u2,Ridge,628.246268297893,3.3923135777196864,0.27108722548646824,9.596157982206594e-05,0.5079898245574949,3447.452213308172,3.015652456586181,-0.46017331991481547,0.004482903973303103,0.003658855783063724
s3e1u2,Lasso,538.3529928765082,3.2644267487300995,0.32500984914268616,4.957366357207973e-06,0.2734567824526085,2869.242238437905,2.7366177065882717,-0.20245849745101374,0.0035932786304639862,0.0305499296733917
s3e1u2,Random Forest,137.83580794274144,3.9999119541716737,-0.013408269316143695,9.561214485564285e-05,2.8084547575731083e-05,480.81644944883897,2.639153298383232,-0.11833280709795257,3.2724854685626025e-06,0.0010575993715327067
s3e1u2,XGBoost,173.4493722233818,4.1447966852195774,-0.08815320148060701,0.00010350010427163505,1.3282750603588796e-05,531.0211197963863,2.750957281145388,-0.21509301214386012,6.529300048925927e-06,0.003986066623492158
s3e1u2,SVR,160.46349170467332,4.0152895004740685,-0.02121528525502936,0.00012370974664005846,6.917324091626285e-06,1191.6155389677458,2.699793083798481,-0.17031505375499667,7.229115163887351e-06,0.0029051930887533353
s3e1u3,K-NN,141.58770577587376,3.5182735882714917,-0.10764721937081778,0.02683710244693782,6.8586510716459095e-15,345.3420584898576,3.5920094966803937,-0.20570262351603663,0.48336651392651764,1.0852225287857818e-14
s3e1u3,Linear Regression,3846.703532043149,3.9772472533725445,-0.415492024227367,0.12615028530261455,0.38068721057609894,5329.318416181476,22.92214108641334,-48.09933567910869,0.04727153340933316,3.93730980144721e-06
s3e1u3,Ridge,1117.63248085321,2.7400971062292414,0.328147165872927,0.15298388069051952,0.00023748243166482285,1241.3623221470511,5.717241743274679,-2.0544875931135476,0.003037557807234392,0.00012277092085851427
s3e1u3,Lasso,413.2977378766714,2.8964438364600142,0.24928953698851453,0.20679855595464605,0.0028176167895025746,1178.2884274026242,2.926115503803846,0.19989279007300365,0.5281340124296457,0.03913159368197655
s3e1u3,Random Forest,317.2488393258794,3.465903251088893,-0.07491745771622105,0.037070680848034,1.0602275227947718e-14,646.9133805147832,3.6329135728223783,-0.23331889661164706,0.7423109522262236,2.7698215143857994e-11
s3e1u3,XGBoost,176.08814690335194,3.5436380419897717,-0.12367561440039676,0.009205434420383499,7.717969173895612e-12,1028.1192658712007,3.777132007616294,-0.33318242597170644,0.12157362867394443,1.166311198787742e-09
s3e1u3,SVR,78.52078793765669,3.3598431423546042,-0.010136932952820477,0.04918830003060696,6.6933375810813726e-15,93.21883197594676,3.3761943075293575,-0.06517292807558905,0.766431598285095,6.336555324023258e-14
s3e1u4,K-NN,2844.6808561084213,3.26638604990202,-0.11395033226319917,0.32668797223195734,2.9812489889179196e-11,1902.4948115925515,3.2623069023637137,-0.10513212091122082,0.13759438312744068,1.6850147280789536e-21
s3e1u4,Linear Regression,2443.254633984119,4.157230039664836,-0.804425337108386,0.3333070611857099,5.468201176542398e-05,15088.620110834128,7.076592202390393,-4.20011455661054,0.07401017087132872,0.003940254726253599
s3e1u4,Ridge,1885.514854892754,2.5859487656122253,0.30181480503252234,0.27889263137726106,5.9606930542422696e-09,1497.0242503503523,2.6521601414033684,0.2695944580801166,0.12620649113950014,8.258964418609693e-16
s3e1u4,Lasso,2258.5620309696355,2.758384541513296,0.20559782659074055,0.24649175400116313,6.63919029607187e-05,1373.5180585115809,2.756218046282766,0.2111549297506079,0.24658210612037262,4.1768440335054285e-05
s3e1u4,Random Forest,1576.442179507591,3.3345555914375193,-0.16093185291812118,0.08997285852462937,4.0939565978284986e-21,1215.0446347624954,3.491761890558933,-0.2660586169366135,0.11299843976312712,2.0439658573279904e-20
s3e1u4,XGBoost,1668.7269843356369,3.3826252586021144,-0.19464419765918017,0.07692576464437693,1.0188738747177206e-21,1277.1381491494394,3.512927610424285,-0.28145385839432135,0.06575271089255205,2.033056720059995e-21
s3e1u4,SVR,289.42574598868805,3.23248557354364,-0.09094785754439472,0.1077536654058055,3.775757663203848e-22,221.76963173083632,3.2419368598459344,-0.0913741839054083,0.10397330693965429,3.1574607958920886e-22
s3e1u5,K-NN,3967.3540356023304,3.0971364148236327,-0.10492729902500186,0.02475469574898666,2.01224819411818e-07,4583.538387429412,3.4192123694148844,-0.3561869115387062,0.01734240525660991,1.8041720099184352e-08
s3e1u5,Linear Regression,11841.917520939927,3.187024903197491,-0.16999484639047502,0.24436538888273973,0.46429006918547455,17003.91892518258,6.179767900617615,-3.430081594125828,0.0001321530085645936,0.13139849494703576
s3e1u5,Ridge,8834.417304979223,2.693329262357855,0.16441250112200068,0.003441543966684254,0.0002632228589461103,6232.300486811723,2.845442906887432,0.06078039597656171,0.0015861557938942415,0.0018679670113651281
s3e1u5,Lasso,9255.815904037434,2.766591411727935,0.11833604980115209,0.0036067949029345106,0.0005836226595492499,6620.026360571184,2.7680530378114363,0.11117510268829367,0.002405972676482558,0.0013823431778386415
s3e1u5,Random Forest,2668.651339521826,3.215733383522679,-0.19116823387660475,0.030565511971889548,8.353501831696652e-14,1661.419013697205,3.5803132332176935,-0.48699478105949723,0.011086294050502656,1.8577645074737025e-06
s3e1u5,XGBoost,2073.010862196336,3.39866698229707,-0.3305471207615991,0.10871198567985212,2.70064254006565e-16,2210.035566724445,3.6916406950392675,-0.5809067234477927,0.01663406969874934,1.6453155326685095e-08
s3e1u5,SVR,893.9499286784942,3.249382698903249,-0.21622734110252417,0.040872028734838285,4.545286965972501e-15,280.8450294476821,3.256667534958165,-0.23030912873014509,0.027525459725168993,1.8100065987297112e-14
s3e2u1,K-NN,1351.4188388608165,3.602390711199752,-0.26325763947278324,0.18331560400856112,2.1554794073825932e-07,2431.657842124883,3.3364412648624575,-0.08934829608000228,0.11091456698857048,8.388713968594966e-08
s3e2u1,Linear Regression,3368.0073785744767,3.3503447360256624,-0.09267070039892222,0.5066823501847546,9.669881236016009e-05,4307.568254621139,10.161829093910324,-9.105168593670175,0.023868626372316275,2.6810240577041668e-17
s3e2u1,Ridge,3043.7653057153034,2.7506176472663104,0.2635033851962798,0.1584250371359859,3.12561180512815e-05,1767.0584272893116,2.770919469125672,0.24864081655027914,0.30797331071298834,0.0003749603727475549
s3e2u1,Lasso,3118.613436848593,2.78202925556008,0.24658599243093293,0.13808779464296755,6.796653747076912e-05,1822.095134297764,2.774380045249262,0.24676291333269496,0.05467593567633479,0.0002283333850783815
s3e2u1,Random Forest,496.14952788042075,3.6398984882710956,-0.28970044276116047,0.16500697869391312,1.9682283894418133e-06,2739.906756289467,3.713490245719867,-0.34947351565385754,0.09712010451243613,0.000150062066878883
s3e2u1,XGBoost,949.8746287918004,4.111215916582653,-0.6453218952232649,0.26187441265386513,0.00045087831577419606,3053.2972877971306,4.252673705888056,-0.7697988745775342,0.16164960769675069,7.788171154067944e-05
s3e2u1,SVR,199.59781477363018,3.2536282251959348,-0.03049564056163967,0.04825090679927598,6.5628455998060824e-21,157.0431423476335,3.238993416109577,-0.02664411291753077,0.02113433268637422,3.5232317100958176e-19
s3e2u2,K-NN,493.4896982576692,3.6004764850353745,-0.34445984610552305,0.7899032384941613,2.084079112661425e-12,1178.1012212186463,3.4972704309433453,-0.2960447013238334,0.8806202477159054,4.4756037385868695e-12
s3e2u2,Linear Regression,1552.6904443545482,5.201088597870326,-1.8055394632847528,0.005099752594270339,2.964904560895022e-09,9000.272653335176,23.320349521797944,-56.627749466210595,0.18589359083394902,7.159629274776291e-14
s3e2u2,Ridge,1076.370075517126,2.711862579201463,0.23728333612355013,0.7211555520723603,1.0665043450095866e-05,1814.291969990886,2.626832485779115,0.2688166288741919,0.44438225253814767,1.4200220612953911e-07
s3e2u2,Lasso,1106.3075792746222,2.751863860321167,0.21461650934366272,0.569248275802528,4.520333486108154e-05,1867.6019189441206,2.7606799303925884,0.19240491917094327,0.5109737907817254,0.0003380830094574047
s3e2u2,Random Forest,320.5219765772827,3.4756832922359293,-0.25287652148792006,0.8939894663231851,4.086700218264575e-11,1462.4973354032995,3.933445448566384,-0.6394863751809865,0.6432935256333747,1.4384774106011184e-06
s3e2u2,XGBoost,413.0758318720884,3.589518038398463,-0.3362882774285003,0.9550605274054492,9.523748763315436e-13,1299.0448454558925,4.1865923233208076,-0.8573035739277286,0.6478486232720397,5.25146611798106e-05
s3e2u2,SVR,118.24471347892391,3.234245196386774,-0.08486016318631173,0.7870969263629122,1.8409776806445679e-22,156.58509399280294,3.232655957075334,-0.10733881023773129,0.9058045805956259,1.9208954755739208e-22
s3e2u3,K-NN,274.93755221778514,3.574764880197304,-0.22559573217820605,0.48739363363016464,6.265695375768169e-12,592.0906837767452,4.291060740638575,-0.774418903980685,0.5705208218878783,0.005027008028305312
s3e2u3,Linear Regression,1718.2503954059573,5.895769295313317,-2.333751597030612,0.7360433149080399,8.928909157707351e-225,4863.50133448248,12.750014502462365,-14.665641689995827,0.5933151892248265,7.831963075023193e-18
s3e2u3,Ridge,600.7448889131904,2.8929992384496352,0.19730803923324147,0.7339221696842911,0.0004983909306165173,1031.2217289662503,2.756486115371377,0.2677852892067456,0.14379349226114502,0.00029880414861140265
s3e2u3,Lasso,581.0342932799196,2.8396364680684325,0.22664701763927708,0.7860148404892817,0.0002185845129199956,914.3636682738821,2.7976791433352597,0.24573728181796672,0.3754640858813133,2.3545150427217302e-05
s3e2u3,Random Forest,315.28446063489656,3.653924505785791,-0.28047591757291657,0.6535628643049158,7.197261147933106e-10,1130.535107407677,3.7108924993898045,-0.32703867004373066,0.4075464747477917,5.505371436384823e-09
s3e2u3,XGBoost,258.90896959843445,3.455899100729291,-0.1454453754926477,0.2682303406206258,4.7478290814292174e-20,347.6271439470682,3.600499688231994,-0.24925871198286642,0.14855881265890075,1.5000943858253786e-17
s3e2u3,SVR,164.9688577873218,3.335729062603344,-0.06717050201838459,0.2848743954537878,3.676020114727664e-21,187.5294509536669,3.308470090912375,-0.05482704749334988,0.10700324444842085,7.050496534796843e-22
s3e2u4,K-NN,1260.396362691888,3.408226068596979,-0.20249959666760464,0.8200954112641083,7.732728648533069e-07,775.2533304405882,3.93895419854315,-0.2661742154628979,0.37289625192630926,0.16448700803279664
s3e2u4,Linear Regression,2587.840988085746,4.621702562649916,-1.2112209282630135,0.51725716937987,1.3532567456039961e-09,4832.636346764426,11.959435118203395,-10.672205831581088,0.12265113754111323,8.739439530106578e-10
s3e2u4,Ridge,1847.7327669778329,4.326997557555951,-0.9382127745685105,0.8083417955532141,5.24585096573243e-10,3822.193486362255,11.099229346013335,-9.05349935047835,0.22022729354712703,2.940893752476662e-11
s3e2u4,Lasso,3246.5455791033683,3.637683235394202,-0.36986543875397393,0.5746116879006751,0.10071073190625814,2449.332420338914,7.181302615930884,-3.208603959393674,0.5860012494293888,2.437531313611468e-05
s3e2u4,Random Forest,1164.3434689424614,3.477393752046601,-0.2518027188330958,0.9829913201308393,9.856420061589517e-05,1249.410905208564,4.111828728916639,-0.3797539197544477,0.23432099064015216,0.369736551179794
s3e2u4,XGBoost,1243.48908877538,3.359533083135249,-0.16838506220508576,0.8566892658225541,1.7629190179982482e-06,717.5517940802777,4.112477927554487,-0.38018964076138473,0.715474628772123,0.4773112960713841
s3e2u4,SVR,424.58134101803154,3.1100643395014527,-0.0013061848444944069,0.984569110636659,4.223966571994353e-09,232.22544427592396,3.5265624764396533,-0.014926910256204406,0.8655718316983958,0.09126991104760099
s3e2u5,K-NN,768.5546419230553,3.768393883452245,-0.43954705449814124,0.6327698938836936,5.640360718912954e-08,1541.085591739802,3.9738461707856403,-0.6365077298511428,0.8916808080356644,0.0012925320305529884
s3e2u5,Linear Regression,1533.4988775871104,2.955842933659519,0.11432172730860723,0.6603670045364196,0.0001279505675966538,1944.1655754099024,3.6757952957085425,-0.4002274698815793,0.1287363820617264,0.0005597016643869881
s3e2u5,Ridge,1228.792999390959,2.7999587779252897,0.20527557665659268,0.6745639262406581,3.1387678514808286e-05,1152.4335492338018,2.8120974599914104,0.18048540120339562,0.9899265110240631,0.0006550163755966161
s3e2u5,Lasso,1162.489502593844,2.792706590191594,0.20938708482338642,0.6717601207846893,2.5102377721085263e-05,1050.8405382349788,2.772711895528945,0.2032804950634749,0.9451163253105073,6.803646358765912e-05
s3e2u5,Random Forest,425.6620327779689,3.6575650635369654,-0.3561177663996171,0.5851142140083038,2.067742946511282e-07,1522.9950075072793,3.9089312635593862,-0.5834779696005628,0.8557909515015588,0.00010566251139110366
s3e2u5,XGBoost,510.868755620477,4.115210006989766,-0.7167113986493223,0.6464095470523956,0.00012265083315305254,1792.2819968651397,4.335376257723774,-0.9478232616368565,0.9265569919369672,0.00019171225406239146
s3e2u5,SVR,166.06113595878162,3.2767157285893,-0.08840572232120048,0.2301856486843545,1.2220894000309218e-22,204.0279917114813,3.260010876717126,-0.10137206350509276,0.42738059166229503,2.0905003464501414e-22
s3e3u1,K-NN,1931.9099218935814,3.3457598886007904,-0.2509243661218954,0.04929186766778965,3.0055882451771462e-05,1091.9527696078974,3.605526290385981,-0.4793141903257432,0.03388972274967708,0.00016112969742985487
s3e3u1,Linear Regression,4024.9151170129503,4.2267515580127615,-0.9964339859488751,0.8516178762198484,0.11630215102862919,3108.44326550441,5.356307510551006,-2.2647813024364516,0.08218167594673331,0.3860513498609432
s3e3u1,Ridge,2075.0197393061867,2.9015557025284724,0.059186942693459366,0.42644887992524483,0.0190548204086167,1560.0587269493753,3.632616609753765,-0.5016275192704867,0.06641736661166237,0.05934143232450321
s3e3u1,Lasso,5394.174594169645,2.8135611821786637,0.11538512344980889,0.00023559693473395072,0.006122991780137083,2875.9559460106116,2.8335727950956513,0.08632479693078332,0.00013285188871934128,0.003794572769853348
s3e3u1,Random Forest,2050.2484800641896,3.429446734101516,-0.31428525390804873,0.04097139055932497,7.804946321398445e-05,947.0951222323151,3.619245034509781,-0.4905929554151265,0.012536269314035287,0.00030199308754954457
s3e3u1,XGBoost,2139.789282690214,3.4553622763657637,-0.33422381022182934,0.037717475725988096,7.144984753482149e-05,956.7620278886469,3.6106021478593213,-0.4834822772104488,0.020280824485372183,0.00014711044933124332
s3e3u1,SVR,339.36527835791503,3.2780925172821305,-0.20083662292406634,0.007937484516039858,4.699460045733111e-05,238.55965412178125,3.294608980679785,-0.23518169175689985,0.006012510448564503,0.00011267018280741232
s3e3u2,K-NN,8897.28250396663,3.625239813112559,-0.02373330387451711,0.0002187031670808759,0.003820912546391866,188.6989251045107,4.26877710149486,-0.19272824149883983,0.00194751578886427,7.749861972757127e-10
s3e3u2,Linear Regression,10470.764814318969,7.505944351707128,-3.3885801127055943,0.015226352437706933,2.9459541575257737e-263,3563.446682902105,28.905432518364275,-53.68818252101484,0.0010862708895108006,0.0034152530777083177
s3e3u2,Ridge,20349.077344272853,2.94123050356807,0.32613721428899134,0.00372612508667782,0.027193031861340058,1062.6160732034255,8.840250887147626,-4.115213052260154,0.0001491347101372859,0.16462670952310599
s3e3u2,Lasso,26292.734005971164,3.069990949940891,0.26584537241810735,0.00034867757058739936,0.4486968328340438,335.5396412430081,3.4150359219929847,0.23664755905115997,0.012564244951224534,2.638774531886104e-06
s3e3u2,Random Forest,8533.33331793467,3.612831773225421,-0.01673747133489223,0.00016954223396793935,0.013485256164355247,200.7520578075468,4.238853357524616,-0.1760650151475831,0.0020369223117301795,2.4016365464547044e-09
s3e3u2,XGBoost,8943.11353391133,3.7459546999233337,-0.0930458820478135,0.00014903657388399055,0.017793283660782585,242.04338378301688,4.428912121481475,-0.28389253071667264,0.001482648571110765,3.3465081055742927e-06
s3e3u2,SVR,152.3220571005608,3.5846746420255418,-0.0009510454391139511,0.00020691914055496788,0.013234027213508137,153.0034285849255,3.9591796455867034,-0.02599433356369385,0.0035725119300496593,3.6893330337167423e-11
s3e3u3,K-NN,2536.743114687356,3.155340865113047,-0.00017010404169637283,0.3491427228287306,8.408625420017773e-22,2791.3713318393166,3.599889973197458,-0.32412495171794786,0.7345002866908166,1.851348065073595e-20
s3e3u3,Linear Regression,4232.327746123152,5.439266168160868,-1.972089801865693,0.31631922240796573,1.4663319939983328e-08,31618.925157797566,14.963154699238626,-21.876882785745018,0.9283416905287349,5.873087109507591e-21
s3e3u3,Ridge,8532.363946287538,2.320659971474649,0.45899120247835734,0.9828736493045077,1.3367201655951842e-11,1697.2863021579496,4.247858360938326,-0.8437013331773544,0.23550449191326786,2.4109856282331085e-14
s3e3u3,Lasso,10267.173832243305,2.8023611445003858,0.21108627753190268,0.7760755375182937,0.00027846391814699914,11085.645551683641,2.9025248800980457,0.13919968488465562,0.1051710416112608,0.008827598341872434
s3e3u3,Random Forest,334.4837012324691,3.2336417972557037,-0.050425181490044046,0.6201623186215073,2.565609413852759e-18,2631.4244507614726,3.496185393569246,-0.24893381163319028,0.14904394293077666,1.0814963341582338e-13
s3e3u3,XGBoost,2545.250815334029,3.4220634122136735,-0.1764064870891946,0.3140656325296029,1.2189589919395271e-18,3261.8804162680135,3.641457256999064,-0.3548803626753514,0.5445074286623821,2.992824057004627e-17
s3e3u3,SVR,333.73734050865505,3.268291512949352,-0.07305721049252067,0.5794546729884429,2.630133792124775e-19,284.15462359057904,3.3438817347185954,-0.14248980445161297,0.4064630046841754,4.098733144483274e-19
s3e3u4,K-NN,686.2611711451909,3.4145290265085624,-0.22461505524035674,0.15514433113868029,1.1033456114376842e-14,617.436827972052,2.9451670095329066,0.10163641673163637,0.03869511925230039,5.083452638788415e-31
s3e3u4,Linear Regression,1466.064895544828,5.947249976123625,-2.715098756435431,0.21256600590029975,0.0007669424626099747,7022.540873473973,8.14084836500538,-5.8639105555666715,0.0006572397914185572,0.9755335021436633
s3e3u4,Ridge,895.1160236977008,2.7788060066345017,0.18893729021270733,0.24546379214634123,0.0015180556467785323,1562.534694413366,2.864599406799871,0.1501151650215813,0.23685032447611337,2.8867239593132948e-05
s3e3u4,Lasso,1051.8658232926014,2.7750538920292933,0.19112610488627602,0.2314101063599695,0.0008220475723296497,1235.7096834493198,2.770020167734971,0.20530927058466997,0.11927425839631943,0.0004445711750393722
s3e3u4,Random Forest,330.07148828420594,3.3346454946345823,-0.16798514246455598,0.08585102713317454,3.587514396512094e-18,684.1817116375481,3.3411773599061125,-0.15619568565669395,0.05470747616547572,2.8065279962767884e-17
s3e3u4,XGBoost,373.65955694158237,3.3799297380017834,-0.19992284240280367,0.048755981060338384,3.7675622824608825e-21,383.5277983425492,3.4761930638141325,-0.25152653486409027,0.013798996402432852,4.7525440117859004e-21
s3e3u4,SVR,181.18993886394045,3.283796662275832,-0.13263633730017355,0.071494521213822,1.2359705737225951e-21,141.3742695619461,3.293570243000876,-0.1234820681027009,0.03222601756091815,1.977235814351339e-21
s3e3u5,K-NN,539.3113845446007,3.2034417810368594,-0.07778154011414085,0.5478529537787664,9.232344245573134e-16,1931.0477301201547,3.4813389730258013,-0.33261173360772833,0.9722953211160226,9.532000667936873e-16
s3e3u5,Linear Regression,1386.6742178304212,3.030049742669298,0.03573459469086593,0.6076834184535457,2.1830433153073637e-07,4857.198969150043,4.677712794610338,-1.405903008977318,0.04219366096242976,0.010787847821563688
s3e3u5,Ridge,623.54557886609,2.5577093741287666,0.31293241414469375,0.43508425972814724,5.760185601408412e-16,4641.2902109210745,3.8682108015971495,-0.6452476365036921,0.12270543460309011,3.2985408388487575e-05
s3e3u5,Lasso,2482.381958333858,2.4775716913278982,0.3553120838674807,0.04064343326859995,2.1232529781391392e-08,3278.9821464188262,2.696485186319025,0.20052095239115753,0.48377510902339693,7.91816343916984e-16
s3e3u5,Random Forest,541.7957726772399,3.3669166760481333,-0.19058883908179913,0.4715088235300259,3.95335381059518e-12,1802.4900889412897,3.4732125491680526,-0.3263976139977145,0.9902529311153674,1.0278472955802757e-15
s3e3u5,XGBoost,563.6787221871525,3.459346409097092,-0.2568549969001064,0.4673823201059587,1.965394854070488e-11,1932.0350003293186,3.4823308608965284,-0.3333712055960265,0.9782693223583301,1.1249806117668073e-15
s3e3u5,SVR,172.54241317162843,3.327995901768371,-0.16322207480025286,0.23183574687060518,5.4556803646152255e-12,912.9043697505075,3.307494121469599,-0.2028436252304704,0.7500621629566236,6.524810329409066e-16
s3e4u1,K-NN,3180.2968905859793,3.5484336256747433,-0.31798556641676945,0.7000397808733796,4.3415805162698023e-13,19829.791437594267,4.357718877812159,-0.9483969313106877,0.14293725676900096,0.0020279863862441706
s3e4u1,Linear Regression,4537.400287780865,4.013102648696091,-0.6857680518478293,0.4957646828870296,0.007930610484320096,262554.2899809879,4.875743215809862,-1.4391621229749139,0.47730957484329406,2.0274339722133175e-05
s3e4u1,Ridge,3492.6745464044748,3.2032611322376754,-0.07404374531661051,0.22895868637340525,2.3013485926026953e-05,231071.9880458671,4.199896878741199,-0.8098237014387459,0.694658396839928,2.044705972573167e-08
s3e4u1,Lasso,2632.451282826036,2.74186492559685,0.21308215461623292,0.0590351190238681,4.1146007993549773e-07,155553.470588599,3.4419566461640647,-0.21554155011348364,0.20463519868058372,2.9237174491786163e-08
s3e4u1,Random Forest,3044.66164202398,3.4182835710683386,-0.2230760374223555,0.79839590469303,4.915956110295463e-16,27693.409757940834,3.727599733720118,-0.4256652407327164,0.37583491829422433,9.53545710528092e-12
s3e4u1,XGBoost,3176.9127108528282,3.421866617682349,-0.22564143912067913,0.9724154065876857,8.362798361011917e-17,52041.66167390297,3.615703968300947,-0.34135813921616576,0.8632217028399556,3.249748738041905e-16
s3e4u1,SVR,485.4253225090142,3.276938879797847,-0.12401980747330654,0.510437535603344,6.787477506752173e-18,3797.402442249961,3.325476765731779,-0.13466289435302303,0.631758228823671,5.740798966075258e-18
s3e4u2,K-NN,247.40339376408812,3.0327142720614955,-0.43312630598093693,0.12549576205552165,3.2748757262377117e-07,570.1395692376431,3.531489314495303,-0.587034128102601,0.014777330157167541,0.0007902733387801068
s3e4u2,Linear Regression,1445.8919555505104,4.035767812539957,-1.537896005805997,0.007195384471410176,0.21123875640380899,6762.107358833839,6.263320368384557,-3.99205918754616,0.6799343686455019,0.10938870472363756
s3e4u2,Ridge,1296.3286955232031,3.89014383389274,-1.358048840562068,0.010819545894953021,0.14344022066078024,6247.46067974584,5.979051737248091,-3.549200685263794,0.6945551143953513,0.16017526356854545
s3e4u2,Lasso,470.988016383633,2.999433909079176,-0.40184524076912953,0.042751767028128,7.533068098701286e-07,2081.3079838822855,3.647828093031796,-0.6933206333094162,0.06911784905289453,0.0009622851050598987
s3e4u2,Random Forest,317.4810778622256,2.9795250965979556,-0.38329744054769876,0.186601208208051,2.0845864516373516e-06,935.9842644843434,3.5738813972624177,-0.6253644060921162,0.010872895050997703,0.004151088936899609
s3e4u2,XGBoost,250.35908957239147,2.9927033777827297,-0.39556100340280476,0.1294635499356993,4.5605511325981643e-07,511.2772933828451,3.5495296327257444,-0.6032900058208515,0.012679785031478612,0.001559557591432404
s3e4u2,SVR,215.86693454887,2.927881352042242,-0.3357599715972601,0.053846263801995156,2.529455204965195e-06,225.12149003224752,3.435670924703405,-0.5020818282940982,0.007967032996578867,0.0013176999573629672
s3e4u3,K-NN,806.8779949209762,2.971553866472124,-0.1314786379528845,0.00821772257984765,4.7453948193081616e-11,355.16641664276506,3.2411054523879184,-0.2613339310663929,0.006831709844956067,1.011919307467587e-10
s3e4u3,Linear Regression,1065.7642016650273,3.2336965975591134,-0.33991634158596207,0.0010853976778117099,0.0002240679720254235,2328.095884305911,3.6689928631750934,-0.6163577500406219,0.21788770961562037,0.0027487871552774254
s3e4u3,Ridge,780.3583865318759,3.149324285689159,-0.2709074011932695,0.0010033740863741754,7.361551161150513e-05,2091.713932306223,3.503193997241844,-0.47357461693258407,0.3110738618793856,0.00031537141387837043
s3e4u3,Lasso,1048.5518468099442,3.120755992672817,-0.24795455548204903,1.0453700066245737e-05,0.050809222604745,3241.767205883366,3.678301613558423,-0.6245700080845284,0.0026946304911042935,0.17841852525460689
s3e4u3,Random Forest,883.4730949762868,2.9444290854454316,-0.11091630916609496,0.04747468708432904,1.6245306329900814e-09,809.5285899862992,3.2532584425375894,-0.27081077047727176,0.018223768829333676,1.602560269138299e-09
s3e4u3,XGBoost,818.9274755560509,2.922083115194641,-0.09411827969407294,0.015551692756382294,1.0955970498775354e-10,208.40258495703205,3.2420543337706156,-0.26207258736795125,0.0051064518532075165,1.4647484793959784e-10
s3e4u3,SVR,736.6589667698779,2.760346519876633,0.023648149686551045,0.010328581230894045,5.7094753284050757e-11,394.6336716251495,3.107935919824018,-0.1598127203618629,0.006711238869112454,2.3244833481620916e-11
s3e4u4,K-NN,512.8521131665996,3.2432355293097146,-0.17380712203541604,0.7528457040951231,1.3621195958006655e-24,452.3274744303861,3.439124142501121,-0.30243067984503424,0.6456981895291773,1.6337764655313782e-21
s3e4u4,Linear Regression,586.5531319254576,3.0378673339222826,-0.02985805488087978,0.3525388925840196,4.94489794280537e-22,1136.6493426642223,3.6602485204770567,-0.475299039192695,0.9614061404520567,6.483254757461219e-08
s3e4u4,Ridge,523.9337370787096,2.740294687810563,0.16201875288254586,0.3673479919986823,2.4137248669701558e-26,653.2578758824835,3.5339206836855577,-0.3752210387550132,0.7085056891280088,6.462166895969713e-12
s3e4u4,Lasso,679.024787527675,2.3095733144459487,0.40474470396557904,0.1775086782081004,6.039485113872652e-20,509.06267439793805,3.1123482975014234,-0.06668281022845268,0.4024442018947637,1.2285446060007983e-17
s3e4u4,Random Forest,497.739043623206,3.322575010081142,-0.23193941624801373,0.40289113556461154,9.218867733799149e-20,436.5089965276618,3.4177202462720966,-0.28626938913742395,0.31507730691711755,5.112758349695571e-19
s3e4u4,XGBoost,529.6315713631326,3.3578985201135674,-0.2582730542890912,0.5736846919888532,3.600053468351742e-21,454.5814265684058,3.4496356070087764,-0.3104044401968482,0.6544638789172941,2.1676271870417257e-21
s3e4u4,SVR,315.5245923746393,3.2915199227651644,-0.20901792119929752,0.5387345662596984,2.295397895994368e-21,299.05444212982945,3.3569717859610724,-0.24095003157903072,0.5203263647353019,4.322509405787329e-21
s3e4u5,K-NN,1538.6811186555472,3.3967047636477337,-0.19516651515939576,0.39942720823270406,8.070807067227739e-23,3603.4977066196498,3.4814110881726408,-0.23496046057614417,0.3983852777516146,7.228535261300815e-23
s3e4u5,Linear Regression,2959.081426964116,3.733669517960942,-0.44405776045044365,0.006924945861698684,1.1069005770498579e-06,29798.825026161347,4.4956512269392,-1.0593381225330516,0.045465404367099845,0.014893447405810003
s3e4u5,Ridge,1547.3333871208538,2.7901513661269366,0.19356689943117755,0.14006951166934953,3.376629629672937e-17,4095.5022995774266,3.1963952551896204,-0.04103035077795525,0.8628749123119445,7.338878674739177e-16
s3e4u5,Lasso,3154.9688981795816,2.618582745322191,0.2896941031191109,0.9920201385535465,5.2358726660672556e-11,13164.324643018832,2.9364359168900713,0.12141559198948115,0.762995070070357,2.325026663250986e-11
s3e4u5,Random Forest,1477.6118683022935,3.355229885007118,-0.16615795517410636,0.3920231336224783,7.219952785749632e-23,3522.5798203536287,3.4737888815857376,-0.2295587318141643,0.4341469103853849,5.887914335557713e-23
s3e4u5,XGBoost,1573.4777644898813,3.362271568965561,-0.17105796685063868,0.39805993351174096,1.0392975782419483e-22,3190.59799855203,3.49076342086292,-0.2416044760153404,0.4178800378948937,6.44149424983725e-23
s3e4u5,SVR,209.2985929830394,3.2556937342133776,-0.0979938405831009,0.5958744174527402,3.12144478866853e-23,327.8592974070814,3.2814877603998758,-0.09719549099470637,0.506298764110311,2.6046244857220536e-23
s3e5u1,K-NN,1002.2604261281956,3.678972289457781,-0.44703457705257055,0.13543453730472968,1.7727715993779808e-10,1783.0447432389935,3.7014728544135163,-0.48643865496621586,0.16616290890177082,4.99128797494969e-12
s3e5u1,Linear Regression,1928.6741712325295,3.6344411844592117,-0.4122161237685784,0.32175545365997765,2.8263406655017476e-07,3437.784410532676,3.9397137886633464,-0.6839422678750102,0.7411862112155568,4.4959938957473755e-06
s3e5u1,Ridge,1368.295909333275,3.292466245795755,-0.15896024251249186,0.03402572185560477,7.72965810078481e-17,4234.248412337321,2.9987015370855903,0.024416744329383455,0.029608742359128578,1.3297139055149335e-09
s3e5u1,Lasso,2543.5003115140926,2.959906577063352,0.06334019680718184,0.021254756137269796,2.9262539881076783e-13,5373.312954852538,3.0703071325453815,-0.022731179332869278,0.04306776815773726,3.5461705656134367e-12
s3e5u1,Random Forest,828.880073040005,3.662972769032406,-0.43447589773958395,0.050462821333390896,1.9299463229500824e-07,5468.565058442457,3.7972781607153303,-0.564381517315407,0.043044080415947074,4.8077753456156775e-08
s3e5u1,XGBoost,1044.530045867473,3.7053064763135115,-0.46782454748590174,0.07217602528556831,8.384752059307229e-08,5875.066715691289,3.890164205902849,-0.6418509183819077,0.05851086960530519,5.147610823855959e-07
s3e5u1,SVR,157.50356569114706,3.3145942056489255,-0.17459083824296973,0.10949992774931387,2.099124549729187e-17,187.57245783669484,3.327507540220145,-0.2012570506708773,0.09253368234114107,6.687041987018479e-17
s3e5u2,K-NN,6804.062264779368,3.4623688122631284,-0.1189843815822873,1.4547408649693098e-05,0.06049742577611352,1620.8489632345345,3.556719503353448,-0.18485561023653108,1.4907082922783392e-05,0.05493221016294036
s3e5u2,Linear Regression,11994.149884611503,2.9728553067485612,0.17505515223422208,0.00016753341106738769,0.6502347418589873,3993.272220414171,4.286046888001274,-0.7206004494655893,8.17754277913378e-05,0.42063002668606675
s3e5u2,Ridge,10248.013988674244,2.743170021926278,0.2976027175324589,5.182114004776911e-05,0.522233113106282,3619.3991610698463,4.077866305508811,-0.5575147304886101,5.457158866632959e-05,0.12517088116933459
s3e5u2,Lasso,6191.755572551394,2.4637572410269115,0.4334043995904181,7.580030542439723e-06,0.18409889799624657,779.0837768887595,3.0635873830209017,0.12092335706659563,1.41770546394257e-05,0.04914022340932569
s3e5u2,Random Forest,6481.336673810226,3.3968758670619676,-0.07705212963344454,1.460605589366033e-05,0.05887879485568597,1277.689338540766,3.537600932321187,-0.1721518459742548,1.2394532665943931e-05,0.05706774939246777
s3e5u2,XGBoost,6831.881775270365,3.4187201818128687,-0.090949084229631,1.6662315641939043e-05,0.05758060546466442,1607.4802812514665,3.5642666790901707,-0.18988935049588096,1.3753152862027808e-05,0.056910278385667847
s3e5u2,SVR,878.14025102671,3.2763079813123426,-0.0019517545948590787,1.239868211560389e-05,0.05635131577677314,479.6894166237079,3.3101985275033856,-0.026299881509590728,1.7552527656977167e-05,0.05178865952571521
s3e5u3,K-NN,3270.211179334832,3.407116701347462,-0.26337413513547103,0.9920454780359331,2.9560334852884126e-22,4675.312084443727,3.4889834120331185,-0.3174388826436991,0.8811060191034334,1.3705391420022268e-22
s3e5u3,Linear Regression,4021.6756147809037,3.2342245267414813,-0.1384089335613965,0.8961176671129518,0.0016857862216610297,22454.133193945967,3.541299089616154,-0.35724385247837653,0.9080687773321061,0.006644108045892384
s3e5u3,Ridge,13282.119318308312,2.7393950428742335,0.18329108977677244,0.2954663722361828,2.9645715338988556e-05,27381.52092639287,2.764722403280902,0.17275198988938334,0.2407305705213596,3.173803158440429e-05
s3e5u3,Lasso,14216.753361660227,2.761520482705211,0.1700450867111839,0.2387499206552769,2.581520119214317e-05,29060.31930620012,2.7709892184151075,0.1689974821052903,0.2309082670428266,2.806700891929151e-05
s3e5u3,Random Forest,2931.0085589923797,3.471315662709408,-0.3114332132510609,0.46944321775457665,5.2953591559083055e-14,24446.567815885905,3.5229535931330864,-0.34321802920542654,0.37066446313473855,8.18670858550775e-14
s3e5u3,XGBoost,3277.427582034899,3.385267513735291,-0.24722253699787244,0.9103996220959243,5.087126469769787e-22,4381.834308883779,3.489636156011293,-0.3179318805393725,0.9981553110339905,1.9935312413133893e-22
s3e5u3,SVR,893.5748358092653,3.2540489214773425,-0.15240761221466737,0.8540887728296406,2.3990577796501605e-22,1201.9758963925008,3.263634950496405,-0.1527518249246369,0.8389612627495399,2.5226947152793664e-22
s3e5u4,K-NN,2565.8512981249623,3.140947402421036,0.06364312562934515,0.01638309463498102,2.9537097062119703e-05,3497.3867605008268,3.4763430028136635,-0.13396461432242734,0.030252291977520537,0.0136455732098925
s3e5u4,Linear Regression,7134.8103249742935,2.764573090294979,0.27460220970755855,0.020373018293756238,0.11086012762145624,15124.821413458882,5.48426865741509,-1.8222254494224313,0.6758103471023764,0.9983655790770205
s3e5u4,Ridge,7722.885008183867,2.671232785198679,0.32275852290796314,0.027197827721134937,0.09664708417505047,12623.456961879348,2.7876656794156034,0.2708185069412886,0.0227297193020281,0.09222279275065824
s3e5u4,Lasso,8117.341118581269,2.7173055138142037,0.29919528418442476,0.028040274714832586,0.11849909872507343,13903.976489741797,2.737069090745673,0.29704782087711556,0.02454487876305751,0.10122733441580875
s3e5u4,Random Forest,1176.6912034970098,3.1906433762521353,0.03377870328326704,0.007389824612736628,2.5606907996672816e-05,2758.0086688803426,3.3354125216434825,-0.04388671525096299,0.008910308790503835,2.240160513822846e-05
s3e5u4,XGBoost,1346.6879704854766,3.3544791284005138,-0.06799756766865417,0.006134952027448429,9.028195012206211e-06,3861.0753717693215,3.5577452097767295,-0.18769231450610713,0.018796489708172884,0.00019352030218957027
s3e5u4,SVR,418.84229241869406,3.259317856632915,-0.008262250656589698,0.00646174996812245,3.638099353075613e-07,844.6365690782172,3.2807354352669313,-0.009942573396579446,0.005717522616402893,1.5432434430526708e-07
s3e5u5,K-NN,4473.942603634614,3.2796208909532147,-0.09412476641510858,0.27580538754283423,1.4590329366788596e-12,3103.5255730219524,3.390576779591008,-0.17464992522237321,0.7213428470208232,1.187383473871369e-10
s3e5u5,Linear Regression,10699.793747081792,3.9077426137628026,-0.5533576556379274,0.7818858794001997,0.09361081128213766,9892.88056151996,4.044630221747167,-0.6715483136690634,0.7200968468118903,0.0018882996282484849
s3e5u5,Ridge,13416.015226709402,3.015808086621016,0.07481845056656267,0.8010885741676288,0.001519006773104392,6736.794903552462,2.9359568107997887,0.11923385301660006,0.7858232526705841,0.0013022033853067661
s3e5u5,Lasso,14721.465574919705,2.7651403951841464,0.22222508169905364,0.9480036271604715,0.0004758374795670783,5953.198637775536,2.7633301905617675,0.21976244129637656,0.9574621629028545,0.0004738629313264534
s3e5u5,Random Forest,3404.764905631041,3.723045532381316,-0.40999072433412076,0.7840834266814961,0.00024035092922876735,8332.311476763636,3.7637926636685206,-0.44748033194260506,0.9660785916599653,7.062511726431871e-07
s3e5u5,XGBoost,3764.282241448394,3.4966225255397525,-0.2437040896632625,0.38423409205255565,2.5854155614974917e-11,2375.1870138622244,3.5685993365187096,-0.30123839508560635,0.45760314346350894,4.562434442569539e-13
s3e5u5,SVR,345.5050629747584,3.264275241621507,-0.08390969922424807,0.3521932778426803,8.164718563898001e-17,245.87956409775524,3.2617146941288233,-0.08705928234373816,0.3726066030000742,3.786195330069649e-17
s3e6u1,K-NN,4903.6848907606745,3.675412225285714,-0.2559586927116939,0.0033958188310294554,3.965952854985711e-06,7067.716652809132,3.1342571566585913,0.08628836205844492,0.0020828547853784006,0.003924112652128127
s3e6u1,Linear Regression,7997.011230914917,2.7630709059407192,0.29018151527643754,0.0013718675243581295,9.15466785251592e-05,8067.893112629656,2.8383240573824824,0.25068597624597566,0.0009287565425390413,0.029659454635532503
s3e6u1,Ridge,6776.935854073556,2.7737528764639876,0.28468262160804214,0.001035662135191428,0.03240966655742442,14256.230260693948,2.7808516989334517,0.2807240126735451,0.0009609756654599928,0.04483064779188048
s3e6u1,Lasso,6712.716391580453,2.78192975929963,0.2804589664881587,0.0010259525791637377,0.03613314391551073,14421.855690046483,2.78396083906976,0.27911473591131897,0.000990487829136831,0.039279793799430134
s3e6u1,Random Forest,3650.914033980751,3.384995530822565,-0.06531843944905957,0.0005150323933301879,9.243187682991348e-07,10488.624784309137,3.3192637616024863,-0.02476299237148849,0.0012655817881056172,9.99416106976332e-05
s3e6u1,XGBoost,3234.537852766117,3.423731527117937,-0.08983976258886694,0.0002945763935387184,1.3733669168192878e-08,2866.559676763488,3.6443762319477484,-0.235339463329596,0.0015867101437684375,9.947271605259168e-08
s3e6u1,SVR,1454.6456415561702,3.3113977666839216,-0.019496990421667526,0.0004129677594168599,2.3122298276904967e-09,755.0827821852126,3.3102966019868876,-0.019233572948007538,0.00040151888027955803,2.9786096797480703e-09
s3e6u2,K-NN,90.47490096782678,3.5587969808976756,-0.0593286965135007,0.045335630932895166,9.416145044462158e-07,1852.2991653111642,2.9779829896470904,-0.21919981427748203,0.014010077094406605,0.3709872768573031
s3e6u2,Linear Regression,1270.5183471580945,9.400266205762588,-6.391024048263842,0.39581296260390975,1.031196777737939e-15,45948.14938126954,26.16016831274525,-93.0830808009227,0.35019844472211337,2.723909052165914e-06
s3e6u2,Ridge,677.1126502992486,4.984764300654213,-1.078325499996856,0.6953470920260423,0.6121089533157061,17168.028540565178,11.786149687403773,-18.09740539616423,0.26121798170368343,0.3884135722133423
s3e6u2,Lasso,390.98903903085846,3.335702865035495,0.06932290366075466,0.45404332884791343,0.05167422436389236,6551.905106018961,4.737342072404273,-2.0853181422419187,0.5769660152181324,0.0525643837367412
s3e6u2,Random Forest,218.83969165434908,3.7985355350701395,-0.20685945547088314,0.3219898611230763,0.006992883905782941,1820.5278973079182,3.1740047464696337,-0.38498671036571386,0.013611079402151073,0.5677355457874546
s3e6u2,XGBoost,222.42418404059387,4.14666130820185,-0.4382071354680206,0.6145378510270957,0.022049655686724123,2370.363631889844,3.732929474913271,-0.9157111740962796,0.06048299126979379,0.18590969126399182
s3e6u2,SVR,85.24344922231508,3.4295425246136957,0.016222932173691973,0.07992552200311834,1.7085103098770936e-06,646.4333144594506,2.8394015981583207,-0.10836832828630683,0.0008386079548566949,0.3829309449567555
s3e6u3,K-NN,164.64282976940362,3.472716653327839,-0.35102953008409,0.29754130383058564,0.0023893780785593966,207.01552632223797,3.706599207485127,-0.36741105143082664,0.4139471736801167,0.002751598765677472
s3e6u3,Linear Regression,2426.0535186343327,6.545176425562771,-3.7992000918810716,0.6640001019688999,0.00035974200971955695,8874.858219610649,13.4611918283297,-17.03494635527654,0.025784284129709744,9.005261857968503e-05
s3e6u3,Ridge,934.2725558254324,2.928923293308643,0.03895850833807901,0.1329114217445963,0.3410788092560373,2189.0564216047846,4.243051208782624,-0.7918612385408004,0.23015742728598274,0.04692923121712169
s3e6u3,Lasso,1352.9390926700034,2.7856631861748866,0.13067263253557138,0.2651968805111929,0.010288340978144619,1258.2881252447005,3.0343019056416494,0.08364150952190663,0.45731264011267336,0.022086078778268924
s3e6u3,Random Forest,223.21389199292847,3.4197853968870593,-0.3101585314495998,0.25251994310303216,0.002750288547436178,330.1379306973042,3.6989344971290232,-0.36176168247419804,0.4268492362016907,0.0037936280869949822
s3e6u3,XGBoost,176.15235245565069,3.467471165015625,-0.34695119139153774,0.24359395729755584,0.0030196678138301805,246.0557306346626,3.7141949922559365,-0.37302115483715226,0.4250105540965111,0.003403863828175546
s3e6u3,SVR,188.64316421937502,3.359324722204553,-0.2642417096534071,0.36737480348293383,0.0017842991671789131,166.81185868023488,3.635668330557378,-0.3155772139288229,0.720773131575899,0.002496515300251683
s3e6u4,K-NN,2948.1800565042477,3.2222420306355724,-0.30030254777635434,0.27258951301291723,0.009507935209048487,4055.0084946819916,3.0134849673329316,-0.15197695009155932,0.5610295717230795,4.3516956335935984e-09
s3e6u4,Linear Regression,3420.9378010409887,3.315400101403929,-0.3765753542840502,0.029406119476599563,0.0652159063085748,5894.862369177525,3.138290650421314,-0.24937282848309938,0.2569500243360915,0.021781592457822976
s3e6u4,Ridge,3922.972356206382,2.7669132411012356,0.04121952707041865,0.02715414005696915,0.008847584935352867,8563.79797983807,2.6954435897802127,0.07834957990064328,0.11044446628811096,0.004866458007528594
s3e6u4,Lasso,4044.908753904513,2.7616509424313835,0.044863003349323916,0.06507468319938635,0.010622773826349899,7792.482502750634,2.7444904170024413,0.04450335152206342,0.06190162575084173,0.009222662295996898
s3e6u4,Random Forest,1485.766997069101,3.48905999443281,-0.5245615812782591,0.04583414343263954,0.003241867362480628,2141.0926953358457,3.30513942198943,-0.3857513141752915,0.09187323704975153,0.0006384316110334949
s3e6u4,XGBoost,927.886301288485,3.4996653466711694,-0.5338437865269374,0.04425843126230227,0.003093940815997938,1998.5457505302882,3.6144465301276667,-0.6572550061259324,0.08849489868352976,0.0010494766450447265
s3e6u4,SVR,253.16125695764003,3.2521972762481637,-0.32459118486595107,0.12261207411616021,9.0736991398215e-05,376.6111596542955,3.228841786619016,-0.32251090222936485,0.12060773028173181,4.124676074487273e-05
s3e6u5,K-NN,1245.445752746749,4.073647047026542,-0.561994312434108,0.1021080987492127,0.19084513321878843,10452.923496480535,4.453723934902012,-0.8584514313517897,0.4689061856132203,0.41083480913297155
s3e6u5,Linear Regression,2607.18573489732,5.262920840681374,-1.6071518600775963,0.32329193820077856,0.01810081337848758,17077.814041015685,7.01665365366422,-3.612800885442904,0.13930055431607005,0.02751230773371546
s3e6u5,Ridge,1994.4708061541523,2.8754706699868944,0.22172955741207678,0.3663883852853007,0.05459206981649725,5542.30010409283,2.9890693727246394,0.16290139613626453,0.36727953200478747,0.1393911863175747
s3e6u5,Lasso,1904.0267540340426,2.754469518129207,0.28585139182713204,0.3454494563232815,0.021770326059317956,4912.681113536091,2.7657094121538783,0.28333247766834135,0.3988200662336209,0.022399148285901404
s3e6u5,Random Forest,450.6832049303088,3.3766824812514473,-0.07323073651033041,0.20790129954546774,2.026252531015967e-07,3670.3858953740273,3.5400209956598907,-0.17413032230430647,0.46206580939192565,0.0008395691752074996
s3e6u5,XGBoost,739.498437203238,3.7993785624441627,-0.35874446710071894,0.393310136324138,0.011655712340204743,5734.785410288432,4.331349160342421,-0.7577253560327044,0.5076368300982106,0.6110083391484775
s3e6u5,SVR,135.81174441444688,3.2704847352863182,-0.0067853922661740285,0.08239115840910172,1.629292211030707e-11,219.0135972105497,3.276664727439172,-0.005932038699215658,0.09523199038017874,2.0043587629151505e-11
s3e7u1,K-NN,4034.6045328965083,3.4283619701306196,-0.29337887263278817,0.8942305602355267,4.764800403178954e-19,943.6728713796407,3.319659855281246,-0.21074778836382335,0.8049802533261646,2.3884016011657933e-23
s3e7u1,Linear Regression,10827.495814953576,3.464374530614302,-0.3206936774557354,0.35940495459788113,1.8032794930343764e-06,8877.718304020898,4.156560479027665,-0.8981683130852307,0.07777604034747307,1.3273663556528932e-06
s3e7u1,Ridge,11387.520924316721,2.661657187216829,0.22042722723056063,0.510116858386851,1.902914239916278e-10,2026.0338991027443,2.7805052276818802,0.15059670146145632,0.6304795216696651,8.817206669428336e-15
s3e7u1,Lasso,15823.348720864165,2.7748564224237264,0.15270731339897992,0.5575138928620305,0.00012764950721547556,3239.7235298388764,2.7764987353875257,0.15304278637796964,0.5102402404644797,0.00011506934429865516
s3e7u1,Random Forest,2964.546887359715,3.31556408470482,-0.20967102358145318,0.9294456386257435,1.7639682620080536e-19,693.3500731920307,3.412378724344142,-0.27932522272499916,0.987073354422571,3.91162471308494e-19
s3e7u1,XGBoost,4591.739852381415,3.4517319493347207,-0.3110720209164173,0.9643004286375977,1.863126817648288e-16,1175.6932278457223,3.600637885142681,-0.4243784838536995,0.9612803055591085,2.3552370017520665e-15
s3e7u1,SVR,766.7601837549113,3.268383774356616,-0.17548885586436547,0.9470462208814691,1.0130412518410196e-19,462.85144924539895,3.272164900399643,-0.1763508614333511,0.9996057152532041,9.236491144236947e-20
s3e7u2,K-NN,1078.8341667657282,4.790162613732546,-0.8493945680284389,0.028608778050445156,0.35577764368136966,1714.4620978438734,5.4569843802033615,-1.0743954128323505,0.1733688548397357,0.03440613100418073
s3e7u2,Linear Regression,8604.699497791644,9.713709006569944,-6.605000419799187,0.0011550270652522687,0.016262223713218067,7710.111384660875,24.616354261741336,-41.21177248934486,3.308606061953473e-05,0.1865703244266497
s3e7u2,Ridge,3455.2604695029595,5.197438318733863,-1.177247256513696,0.04791254823023321,0.3705804125154658,3572.485736597121,13.749637898778335,-12.169480515746775,0.08860856884518496,2.583581032493352e-07
s3e7u2,Lasso,1066.1767453659788,3.4259408806059097,0.05400510519336388,0.19603059537089068,0.008473890258258536,838.8157756487356,3.7100195214060565,0.04117684901332708,0.47713884000650497,0.0022126451066497195
s3e7u2,Random Forest,1185.4560394410314,4.602896513770797,-0.707620994578112,0.7897382928992236,0.5670675228579404,1498.4493350416794,5.544465507333431,-1.1414379462047317,0.2783808828867632,0.15738536103874773
s3e7u2,XGBoost,1140.274285917443,4.6200558011711435,-0.720376517734667,0.8534040068124471,0.6016701453202451,1421.9968469247865,5.533531462589725,-1.133000165950901,0.12119998994385255,0.12742988293787805
s3e7u2,SVR,204.7741703614028,4.006722056773594,-0.2939202140524315,0.29588943762251074,0.0005033937926358714,177.97945760543087,4.202240911069451,-0.23012151687665816,0.36194299318600487,0.001610810703888315
s3e7u3,K-NN,1387.8161001334065,2.97529420061749,-0.12717707063842187,2.0527913841368557e-06,0.010450988917493501,370.1809883413845,3.3960149828637936,-0.13225163821912256,0.014295914674304317,0.001374244413379718
s3e7u3,Linear Regression,4083.8673978785637,4.971704576862085,-2.1473347967082175,4.636323321365092e-05,2.959875170557599e-15,2320.5439789308966,14.210975297926936,-18.826750046600694,0.00546229773255553,0.0020091331490585396
s3e7u3,Ridge,2275.906116890508,2.6715743751335004,0.09120306730647432,0.0013429665290329781,0.11211953729837615,930.3238574500916,5.17307309971376,-1.627247534888641,0.024033116360792934,0.35605042693228234
s3e7u3,Lasso,1643.7488438743312,2.323412577158493,0.31263884345071846,2.442769518388069e-05,0.00608701009458372,649.0897394035161,2.7019094833734383,0.2832868815270856,0.0024848885600232532,0.0010587147671282172
s3e7u3,Random Forest,1140.39019850137,3.1228016170239075,-0.24171264937120673,0.010586162211353903,0.036826197717192935,771.1368736785288,4.574491882684003,-1.0544211859686832,0.6864237363841947,0.018855386686116537
s3e7u3,XGBoost,702.0527493330657,3.1955806386030603,-0.30026501197387145,0.052637304095940675,0.1767353099357026,1112.141910717718,5.242609239871227,-1.6983528505330816,0.54369283367865,0.09022259470704637
s3e7u3,SVR,375.35465380867794,2.732523305017169,0.049263727526804746,2.6852753646901636e-05,0.0004688140998830155,183.50846157962775,3.159597371050703,0.019907084299312316,0.0012065945916839996,0.0005564410434425048
s3e7u4,K-NN,356.01257466064544,3.1481283359112546,-0.1387042850413276,0.9956500526150507,7.715071368006159e-10,696.6813132061984,4.510047246211438,-1.3752287064342306,0.3869190080026944,0.3135086322473141
s3e7u4,Linear Regression,626.288314087079,4.674137967892032,-1.510204784533618,0.9978908553908656,4.06318062669262e-05,2857.689114984121,14.018355631841128,-21.947606667895844,0.021217247473223996,1.235118034646334e-16
s3e7u4,Ridge,890.7486727704079,2.8494256022626647,0.06713082585415364,0.5228055348000769,0.0006808091330388103,935.7638688293944,5.629970062436054,-2.701309666287423,0.282074185441907,6.03723647060604e-08
s3e7u4,Lasso,1246.7066195204895,2.8082904771699977,0.09387074378403892,0.7325170931109021,0.0020316655186631083,698.556690128353,2.7944930695645764,0.08809557266209289,0.47665009662518687,0.0001482399055641305
s3e7u4,Random Forest,424.83050235365994,3.8254974686984906,-0.6814421731828417,0.8853053530973055,0.011311245789151552,893.9073162289999,4.674151682661399,-1.551225540058745,0.33970802738098993,0.09852372428693423
s3e7u4,XGBoost,502.97138833421525,4.219718363869055,-1.0458464265893967,0.9826260464428851,0.042988395319213266,1134.3182838631067,5.240309738972215,-2.2066913894063958,0.5185117295955208,0.8902495523680931
s3e7u4,SVR,130.2884589841113,3.3059454398766075,-0.25573344648615337,0.8892428958183838,1.5519606775269484e-09,123.41580083463799,3.246766748264448,-0.23096421947207135,0.797203258012411,4.674077894507956e-14
s3e7u5,K-NN,1673.9285498434263,3.4119611563901544,-0.2834062230857368,0.46391120842485023,6.302876840512125e-18,3072.463198939108,4.198344883717637,-0.9403270133701691,0.5295391722268367,0.006881370816088264
s3e7u5,Linear Regression,2631.7710717315604,3.9207240276871946,-0.6946832331945421,0.000339539247893446,0.19077267143311763,25719.888240775028,7.6610657740190256,-5.460960532340305,0.7014015519365684,6.710190878797424e-07
s3e7u5,Ridge,5960.879310565961,2.5688752684664933,0.2724848870271911,0.83045664066003,2.7166879826687396e-07,8724.926869940824,3.2670431098024766,-0.1749744867526939,0.6116804679548671,0.042106187225152206
s3e7u5,Lasso,7042.680917355922,2.7462384452987894,0.1685570224878694,0.8812136176195771,0.00012152738398407349,12204.72525928633,2.7660696808176253,0.15774239933908485,0.5581813868325322,0.00047610723434782367
s3e7u5,Random Forest,1247.9984217055337,3.5429466779701513,-0.3838378868125183,0.6774744404866526,1.5438340179195235e-08,13517.77609370019,4.115661319858451,-0.8646527437782805,0.5110345925673032,0.00019247038910138157
s3e7u5,XGBoost,1812.369338497598,3.9108635686441047,-0.6861698353791739,0.9773139014088746,0.0003821722579476464,26503.836443772747,4.818489499652024,-1.5558804729429356,0.7453587007604071,0.14043060544522293
s3e7u5,SVR,380.477194358438,3.2610670338862993,-0.17239899259280667,0.6031965445162158,5.950553282017337e-20,495.9708232913403,3.284066167513355,-0.18725088932241407,0.9133850247575797,7.096697204111997e-19
s3e8u1,K-NN,4972.860690336631,3.4391287819804632,-0.12438543484561237,0.0008784688265711379,8.212930792017093e-08,7062.412455743207,3.558929099105707,-0.1934192341398968,0.0005448234841611587,1.4538712666056366e-07
s3e8u1,Linear Regression,9779.294876740567,3.214944326685808,0.017426047801511357,0.22340486240356272,0.07972928836056425,60692.47888339782,4.453492394483166,-0.8687697297350025,0.17428714023153974,0.0026879235559392088
s3e8u1,Ridge,14548.405812589166,2.7391627758401906,0.28672990495451656,0.00023377276704046991,0.012227641890150102,9990.105156036898,2.7821447547695626,0.2706872501874137,0.00018993398176134058,0.00562183843630931
s3e8u1,Lasso,15125.089796403188,2.754386815485459,0.2787792796021247,0.00019524790977107261,0.014129072617613685,10529.953358556932,2.765040162707276,0.27962729560714206,0.0001678148567340384,0.013896556997139561
s3e8u1,Random Forest,3867.8151091049094,3.307749095515127,-0.04012001208575833,8.509831356102661e-05,1.796234027566649e-10,7615.246632556669,3.5297092115620643,-0.17390301353597337,6.861621291153891e-05,5.701934781319233e-09
s3e8u1,XGBoost,4350.645524987046,3.8312901427951322,-0.3954311651661311,0.0025624536214869154,0.0005909210511796191,8772.166883186457,3.914002398111164,-0.4434326865365319,0.0023525365858864085,0.0005927499144695659
s3e8u1,SVR,1073.02620331365,3.2744656248689012,-0.019293382865670727,0.00012677961584650832,5.6516989096645105e-12,3865.2058543292214,3.286724256936697,-0.017843250058120708,0.0001125706191608945,9.593427923337512e-12
s3e8u2,K-NN,760.265724201069,3.684460887927807,-0.10112334721106819,0.00022646537068896202,0.023278754365798075,365.89893370163884,3.4159250520292193,-0.14237619739614904,0.00039496226531445005,0.060457857273695396
s3e8u2,Linear Regression,2149.6889077190967,6.281513930977267,-2.200491840611724,0.26394537493522785,0.5845992904625847,7157.886945885379,7.897319681863534,-5.105931331635011,0.9921878943955099,0.12309172864952674
s3e8u2,Ridge,1529.3468550502055,4.315357323056519,-0.5105030075712367,0.032567690887755386,0.7009575135505913,3190.807712397069,4.920194620868213,-1.370047458345668,0.04776596599240175,0.09275165513650559
s3e8u2,Lasso,4162.294741681183,4.028983697302221,-0.3166765169357715,0.0005390255626630492,0.8283118021714947,3447.568770218207,4.79446385312591,-1.2504666228293768,0.0003107796340188594,0.23706140704329817
s3e8u2,Random Forest,723.5851809358516,3.665484809744404,-0.08981032444004233,0.0001644765146809832,0.00923963539109889,552.1157620957032,3.3969877933383725,-0.12974506102792494,0.00030290121576983104,0.05654714962425734
s3e8u2,XGBoost,846.8955679695767,3.7448482031185275,-0.13751336085313381,0.0004138742603170323,0.02181668630752837,750.6360069184547,3.544525103648686,-0.23000985724077871,0.0003922483212318177,0.06286508386841258
s3e8u2,SVR,505.55834031894295,3.5682395318739224,-0.03275206146244103,0.00028624763579813327,0.03714566931444517,432.59219529246946,3.3134163778648316,-0.07484170202187346,0.00098273336742657,0.04295348187879812
s3e8u3,K-NN,510.85433182233714,3.647063521456804,0.05071792886838522,0.5471183042798526,0.14856140741714807,358.34884577215536,3.6447722511798437,0.04670399478930887,0.4901159740648199,0.12918139809035784
s3e8u3,Linear Regression,1193.5291417109513,4.08533368333621,-0.19114242435556705,0.939450129561167,0.3272864013724528,1434.881936759224,4.954601447292686,-0.7615883581001217,0.20352051956875467,0.18097057828284266
s3e8u3,Ridge,1211.2602249602292,3.876507232606967,-0.07248152752985892,0.9585200734973589,0.3424972572512685,1302.3720584818886,4.739495222951897,-0.6119484941302391,0.30323314897905407,0.16731346082964133
s3e8u3,Lasso,1222.1631184327016,3.284003097751635,0.2303101851782381,0.781962857136983,0.19529997413692385,818.9296130579307,3.7895423959909627,-0.030529720706636176,0.22777303751170785,0.09753449587713058
s3e8u3,Random Forest,658.1743679342698,3.691610165065582,0.027386507984402897,0.2701666562409567,0.20674723578775633,992.3492148515882,3.8581137071174574,-0.06816176274297558,0.2147294685098748,0.13150994139566433
s3e8u3,XGBoost,585.6970865424083,3.6485067967305085,0.04996644953317886,0.5902400297697661,0.15217904059567494,348.4805849986347,3.652895336505964,0.042450047801782964,0.456367881493852,0.0855023224138419
s3e8u3,SVR,616.7117135258763,3.534758705183633,0.10828069505535698,0.4809789492119324,0.10157976524783538,396.4426720975846,3.621764181038684,0.05870160171389616,0.4034185231601837,0.08169956568864586
s3e8u4,K-NN,571.9538201088432,3.3647781474347003,-0.20482776044467532,0.2066593858784977,2.6577176201435375e-18,277.0025877434355,3.355588103026315,-0.21557825257310848,0.5922708644377788,2.4060061988344273e-23
s3e8u4,Linear Regression,1665.5888106794102,4.024646821595052,-0.7237236749355582,0.47745261522560656,0.3544300747153185,3488.108640621624,6.194346536097066,-3.1422530408090292,0.029176107210005506,0.26299771282795553
s3e8u4,Ridge,871.5522957431343,2.947775720879276,0.07529975880557194,0.09231264327670843,1.7903681544234475e-05,1264.2312898955759,3.377729580020233,-0.23167289465275265,0.7144350247539697,2.8640321376997805e-05
s3e8u4,Lasso,815.2243300247736,2.7337020928176736,0.2047302443612775,0.01372175522534628,1.16550063979231e-05,722.9584504062843,2.6629904429440043,0.23443010792847618,0.03414488462400393,4.048348372537068e-08
s3e8u4,Random Forest,475.2216982347458,3.336061816105446,-0.18435057340029126,0.17801357319638475,4.741209738834218e-17,217.80952338292167,3.3138244452096393,-0.18550836939714355,0.4474709971724229,2.39193547462875e-21
s3e8u4,XGBoost,543.6882987755965,3.4518156488331777,-0.2679650488485781,0.30682869238938454,2.1428878367663042e-18,335.8650258497432,3.539295335219708,-0.3523192716812229,0.47020632332466583,1.0079958692235392e-19
s3e8u4,SVR,180.73829063567746,3.3123108724340438,-0.16754674173322526,0.16592654511028088,2.2873916347006068e-17,144.84690873723298,3.273340369888958,-0.1567192498023584,0.28367945570682884,1.119002877657043e-18
s3e8u5,K-NN,11527.851819953732,3.493681491368392,-0.16199574185996468,0.21949684875093034,1.524293649620754e-13,1582.5027423785696,3.449678472757872,-0.13849739679130613,0.3830779774688837,3.1647826128626784e-14
s3e8u5,Linear Regression,41915.73845072088,3.651891587606476,-0.26961975402413185,0.018882395088336317,1.8522339591566137e-08,8767.276621304069,4.500943257766268,-0.9381254334039713,0.0016342079845260832,0.040286171626670024
s3e8u5,Ridge,47249.23311606353,2.7790804973155683,0.2647413011318136,0.9420519257987005,6.418611203174732e-05,4767.453404796496,2.6165814032070123,0.34499697506418603,0.9796201819070864,2.689995319925634e-06
s3e8u5,Lasso,46498.63760676122,2.78824496016558,0.2598840389775118,0.9940493573593433,0.0023677041833664388,6414.5768452672,2.7789802346035826,0.2611679601362239,0.9551165932997819,0.0026351703415498687
s3e8u5,Random Forest,11111.470448353915,3.3918800371625943,-0.09526418400162906,0.16100486194799973,1.7713704938517086e-15,1050.114536701265,3.473902152424906,-0.1545426166929318,0.2550502364548708,7.384770067578492e-15
s3e8u5,XGBoost,12893.683233795502,3.416473607340021,-0.11120467164809811,0.13721285214730883,9.947086073279524e-15,1241.1987398861256,3.542349666470901,-0.2004875528306136,0.1763298798795693,1.8460200873382545e-14
s3e8u5,SVR,1496.7612537302464,3.2959908341753454,-0.03421280100755175,0.2998010010370403,8.137162329492912e-16,584.1104274763801,3.2849098097002627,-0.03233750356971332,0.2780330521396954,1.5161107394155085e-15
